Sales_Performance,Industry_Type,Current_Situation,Direct_Export,Indirect_Export,Hours_Worked_Per_Week,Demand_For_Product,Supply_Of_Raw_Materials,Financial_Performance,Online_Business
Affeced,Manufacturing,Open,Very_Low,Very_Low,Decrease,Decrease,Decrease,Decrease,No
Not_Affected,Retail,Open,Very_Low,Very_Low,Decrease,Decrease,Decrease,Decrease,Yes
Affeced,Retail,Open,Very_Low,Very_Low,Decrease,Decrease,Remain_the_Same,Decrease,Yes
Affeced,Manufacturing,Temporarily_Closed,Very_Low,Very_Low,Decrease,Decrease,Decrease,Decrease,No
Affeced,Manufacturing,Open,Very_Low,Very_Low,Decrease,Decrease,Decrease,Decrease,Yes
Affeced,Manufacturing,Open,Very_Low,Very_Low,Remain_the_Same,Remain_the_Same,Remain_the_Same,Decrease,No
Affeced,Manufacturing,Temporarily_Closed,Very_Low,Very_Low,Decrease,Decrease,Decrease,Decrease,No
Not_Affected,Retail,Open,Very_Low,Very_Low,Remain_the_Same,Decrease,Remain_the_Same,Remain_the_Same,No
Affeced,Manufacturing,Open,Very_Low,Very_Low,Decrease,Decrease,Decrease,Decrease,No
Affeced,Manufacturing,Open,Very_Low,Very_Low,Decrease,Decrease,Remain_the_Same,Decrease,No
Affeced,Manufacturing,Open,Very_Low,Very_Low,Decrease,Decrease,Decrease,Increase,Yes
Affeced,Other,Open,Very_Low,Very_Low,Remain_the_Same,Decrease,Decrease,Decrease,Yes
Affeced,Manufacturing,Open,Very_Low,Very_Low,Remain_the_Same,Decrease,Decrease,Decrease,No
Not_Affected,Manufacturing,Open,Very_Low,Very_Low,Remain_the_Same,Remain_the_Same,Remain_the_Same,Remain_the_Same,Yes
Affeced,Manufacturing,Open,Very_Low,Very_Low,Decrease,Decrease,Decrease,Decrease,No
Not_Affected,Manufacturing,Open,Very_Low,Very_Low,Decrease,Decrease,Remain_the_Same,Decrease,No
Not_Affected,Manufacturing,Open,High,Very_Low,Remain_the_Same,Remain_the_Same,Remain_the_Same,Remain_the_Same,No
Not_Affected,Manufacturing,Open,Very_Low,Very_Low,Increase,Increase,Increase,Increase,Yes
Not_Affected,Manufacturing,Open,Very_Low,Very_Low,Remain_the_Same,Remain_the_Same,Remain_the_Same,Decrease,No
Affeced,Other,Open,Very_Low,Very_Low,Remain_the_Same,Decrease,Decrease,Decrease,No
Affeced,Manufacturing,Open,High,Very_Low,Decrease,Decrease,Decrease,Decrease,No
Affeced,Manufacturing,Open,Very_Low,Very_Low,Remain_the_Same,Decrease,Decrease,Decrease,No
Affeced,Manufacturing,Open,High,Very_Low,Remain_the_Same,Decrease,Decrease,Remain_the_Same,No
Affeced,Manufacturing,Open,High,Very_Low,Decrease,Decrease,Decrease,Decrease,No
Affeced,Retail,Open,Very_Low,Very_Low,Decrease,Decrease,Remain_the_Same,Remain_the_Same,No
Not_Affected,Other,Open,Very_Low,Very_Low,Remain_the_Same,Increase,Remain_the_Same,Increase,No
Affeced,Manufacturing,Temporarily_Closed,Very_Low,Very_Low,Decrease,Decrease,Decrease,Decrease,No
Affeced,Retail,Temporarily_Closed,Very_Low,Very_Low,Remain_the_Same,Decrease,Decrease,Decrease,No
Affeced,Manufacturing,Open,Very_Low,Very_Low,Remain_the_Same,Decrease,Decrease,Decrease,No
Affeced,Other,Open,Very_Low,Very_Low,Remain_the_Same,Remain_the_Same,Remain_the_Same,Decrease,No
Affeced,Manufacturing,Open,Very_Low,Very_Low,Decrease,Decrease,Decrease,Decrease,Yes
Affeced,Manufacturing,Open,High,Very_Low,Remain_the_Same,Remain_the_Same,Decrease,Decrease,No
Affeced,Manufacturing,Open,Very_Low,Very_Low,Decrease,Decrease,Decrease,Decrease,No
Affeced,Retail,Open,Very_Low,Very_Low,Decrease,Decrease,Decrease,Increase,Yes
Affeced,Other,Temporarily_Closed,Very_Low,Very_Low,Decrease,Decrease,Remain_the_Same,Decrease,Yes
Affeced,Other,Open,Very_Low,Very_Low,Remain_the_Same,Remain_the_Same,Remain_the_Same,Decrease,No
Affeced,Manufacturing,Open,Very_Low,Very_Low,Remain_the_Same,Decrease,Decrease,Decrease,No
Affeced,Manufacturing,Open,Very_Low,Very_Low,Remain_the_Same,Remain_the_Same,Decrease,Decrease,No
Affeced,Manufacturing,Open,Very_Low,Very_Low,Remain_the_Same,Remain_the_Same,Decrease,Decrease,No
Affeced,Manufacturing,Temporarily_Closed,Very_Low,Very_Low,Decrease,Decrease,Remain_the_Same,Decrease,No
Affeced,Other,Open,Very_Low,Low,Decrease,Decrease,Decrease,Decrease,No
Affeced,Other,Open,Very_Low,Medium,Remain_the_Same,Increase,Remain_the_Same,Remain_the_Same,No
Affeced,Manufacturing,Open,Very_Low,Very_Low,Remain_the_Same,Decrease,Decrease,Decrease,Yes
Affeced,Manufacturing,Open,Very_Low,Very_Low,Increase,Decrease,Decrease,Decrease,No
Affeced,Manufacturing,Open,Very_Low,Very_Low,Remain_the_Same,Remain_the_Same,Remain_the_Same,Decrease,No
Affeced,Manufacturing,Open,Very_Low,Very_Low,Remain_the_Same,Decrease,Decrease,Decrease,No
Affeced,Retail,Open,Very_Low,Very_Low,Remain_the_Same,Decrease,Decrease,Decrease,No
Affeced,Manufacturing,Open,Very_Low,Very_Low,Remain_the_Same,Decrease,Decrease,Decrease,No
Affeced,Manufacturing,Open,Very_Low,Very_Low,Remain_the_Same,Decrease,Decrease,Decrease,No
Affeced,Other,Open,Very_Low,Very_Low,Decrease,Decrease,Decrease,Decrease,No
Affeced,Manufacturing,Open,Very_Low,Very_Low,Remain_the_Same,Decrease,Remain_the_Same,Decrease,No
Not_Affected,Other,Open,Very_Low,Very_Low,Remain_the_Same,Remain_the_Same,Remain_the_Same,Remain_the_Same,No
Affeced,Manufacturing,Open,Very_Low,Very_Low,Remain_the_Same,Remain_the_Same,Increase,Decrease,No
Affeced,Other,Open,Very_Low,Very_Low,Decrease,Decrease,Decrease,Remain_the_Same,Yes
Affeced,Other,Open,Very_Low,Very_Low,Remain_the_Same,Decrease,Remain_the_Same,Decrease,No
Affeced,Other,Open,Very_Low,Very_Low,Remain_the_Same,Decrease,Decrease,Decrease,No
Affeced,Other,Open,Very_Low,Very_Low,Remain_the_Same,Decrease,Decrease,Decrease,Yes
Affeced,Other,Open,Very_Low,Very_Low,Remain_the_Same,Decrease,Decrease,Remain_the_Same,No
Affeced,Other,Open,Very_Low,Very_Low,Remain_the_Same,Decrease,Decrease,Decrease,No
Affeced,Other,Open,Low,Very_Low,Decrease,Decrease,Decrease,Decrease,No
Affeced,Other,Open,Very_Low,Very_Low,Decrease,Decrease,Decrease,Decrease,No
Affeced,Other,Open,Very_Low,Very_Low,Remain_the_Same,Remain_the_Same,Remain_the_Same,Decrease,No
Affeced,Other,Open,Very_Low,Very_Low,Decrease,Decrease,Decrease,Decrease,No
Affeced,Retail,Open,Very_Low,Very_Low,Remain_the_Same,Remain_the_Same,Decrease,Decrease,No
Affeced,Retail,Open,Very_Low,Very_Low,Decrease,Decrease,Decrease,Decrease,No
Affeced,Other,Open,Very_Low,Very_Low,Remain_the_Same,Decrease,Decrease,Decrease,No
Affeced,Other,Open,Very_Low,Very_Low,Remain_the_Same,Remain_the_Same,Remain_the_Same,Decrease,No
Affeced,Other,Open,Very_Low,Very_Low,Decrease,Decrease,Decrease,Increase,No
Affeced,Retail,Open,Very_Low,Very_Low,Remain_the_Same,Decrease,Decrease,Decrease,No
Affeced,Other,Open,Very_Low,Very_Low,Remain_the_Same,Remain_the_Same,Remain_the_Same,Decrease,No
Affeced,Other,Open,Very_Low,Very_Low,Remain_the_Same,Remain_the_Same,Decrease,Decrease,Yes
Affeced,Other,Open,Very_Low,Very_Low,Decrease,Decrease,Decrease,Decrease,No
Affeced,Other,Temporarily_Closed,Very_Low,Very_Low,Decrease,Decrease,Decrease,Decrease,No
Not_Affected,Other,Open,Very_Low,Very_Low,Remain_the_Same,Remain_the_Same,Decrease,Remain_the_Same,No
Affeced,Other,Open,Very_Low,Very_Low,Remain_the_Same,Decrease,Decrease,Decrease,No
Not_Affected,Retail,Open,Very_Low,Low,Increase,Increase,Increase,Increase,No
Affeced,Retail,Open,Very_Low,Very_Low,Remain_the_Same,Decrease,Decrease,Decrease,Yes
Not_Affected,Retail,Open,Very_Low,Very_Low,Remain_the_Same,Remain_the_Same,Remain_the_Same,Remain_the_Same,Yes
Affeced,Retail,Open,Very_Low,Very_Low,Decrease,Decrease,Decrease,Increase,No
Affeced,Retail,Temporarily_Closed,Very_Low,Very_Low,Decrease,Decrease,Decrease,Remain_the_Same,No
Not_Affected,Retail,Open,Very_Low,Very_Low,Remain_the_Same,Increase,Increase,Increase,No
Affeced,Manufacturing,Open,Very_Low,Very_Low,Remain_the_Same,Decrease,Decrease,Decrease,No
Not_Affected,Retail,Open,Very_Low,Very_Low,Remain_the_Same,Increase,Increase,Increase,Yes
Not_Affected,Retail,Open,Very_Low,Very_Low,Remain_the_Same,Remain_the_Same,Increase,Increase,Yes
Affeced,Other,Open,Very_Low,Very_Low,Remain_the_Same,Remain_the_Same,Decrease,Decrease,No
Affeced,Retail,Open,Very_Low,Very_Low,Decrease,Decrease,Remain_the_Same,Decrease,No
Affeced,Retail,Open,Very_Low,Very_Low,Remain_the_Same,Decrease,Decrease,Remain_the_Same,Yes
Affeced,Retail,Open,Very_Low,Very_Low,Decrease,Decrease,Decrease,Increase,No
Affeced,Other,Open,Very_Low,Very_Low,Remain_the_Same,Decrease,Decrease,Decrease,Yes
Affeced,Other,Open,Very_Low,Very_Low,Decrease,Decrease,Decrease,Decrease,No
Affeced,Retail,Open,Very_Low,Very_Low,Remain_the_Same,Decrease,Decrease,Decrease,No
Affeced,Retail,Open,Very_Low,Very_Low,Decrease,Remain_the_Same,Remain_the_Same,Decrease,Yes
Affeced,Retail,Open,Very_Low,Very_Low,Remain_the_Same,Decrease,Decrease,Decrease,No
Affeced,Retail,Open,Very_Low,Very_Low,Remain_the_Same,Decrease,Remain_the_Same,Decrease,Yes
Affeced,Manufacturing,Open,Very_Low,Very_Low,Decrease,Decrease,Decrease,Decrease,No
Not_Affected,Retail,Temporarily_Closed,Very_Low,Very_Low,Remain_the_Same,Remain_the_Same,Remain_the_Same,Remain_the_Same,No
Affeced,Retail,Open,Very_Low,Very_Low,Remain_the_Same,Decrease,Decrease,Decrease,No
Not_Affected,Manufacturing,Open,Medium,Very_Low,Remain_the_Same,Remain_the_Same,Remain_the_Same,Increase,No
Affeced,Retail,Open,Very_Low,Very_Low,Remain_the_Same,Remain_the_Same,Remain_the_Same,Decrease,No
Affeced,Retail,Open,Very_Low,Very_Low,Remain_the_Same,Decrease,Decrease,Decrease,No
Affeced,Retail,Open,Very_Low,Very_Low,Remain_the_Same,Remain_the_Same,Remain_the_Same,Decrease,No
Affeced,Other,Open,Very_Low,Very_Low,Remain_the_Same,Remain_the_Same,Remain_the_Same,Decrease,No
Affeced,Retail,Open,Very_Low,Very_Low,Remain_the_Same,Decrease,Remain_the_Same,Remain_the_Same,No
Not_Affected,Retail,Open,Very_Low,Very_Low,Remain_the_Same,Increase,Decrease,Remain_the_Same,No
Affeced,Other,Open,Very_Low,Very_Low,Remain_the_Same,Decrease,Decrease,Decrease,Yes
Affeced,Other,Open,Very_Low,Very_Low,Remain_the_Same,Remain_the_Same,Remain_the_Same,Decrease,No
Affeced,Retail,Open,Very_Low,Very_Low,Decrease,Decrease,Decrease,Decrease,Yes
Affeced,Other,Open,Very_Low,Very_Low,Remain_the_Same,Decrease,Decrease,Decrease,No
Not_Affected,Retail,Open,Very_Low,Very_Low,Remain_the_Same,Increase,Increase,Increase,No
Affeced,Other,Open,Very_Low,Very_Low,Remain_the_Same,Remain_the_Same,Decrease,Decrease,No
Affeced,Other,Open,Very_Low,Very_Low,Decrease,Decrease,Decrease,Decrease,No
Affeced,Other,Open,Very_Low,Very_Low,Decrease,Decrease,Decrease,Decrease,No
Affeced,Other,Open,Very_Low,Very_Low,Decrease,Decrease,Decrease,Decrease,No
Affeced,Other,Open,Very_Low,Very_Low,Decrease,Decrease,Decrease,Decrease,No
Affeced,Other,Open,Medium,Very_Low,Decrease,Decrease,Decrease,Increase,Yes
Affeced,Other,Open,Very_Low,Very_Low,Remain_the_Same,Remain_the_Same,Remain_the_Same,Decrease,No
Affeced,Other,Open,Very_Low,Very_Low,Decrease,Decrease,Decrease,Decrease,Yes
Affeced,Other,Open,Very_Low,Very_Low,Decrease,Decrease,Decrease,Decrease,No
Affeced,Other,Open,Very_Low,Very_Low,Remain_the_Same,Remain_the_Same,Remain_the_Same,Remain_the_Same,No
Affeced,Other,Open,Very_Low,Very_Low,Remain_the_Same,Remain_the_Same,Increase,Decrease,No
Affeced,Other,Open,Very_Low,Very_Low,Remain_the_Same,Decrease,Decrease,Decrease,No
Affeced,Other,Open,Very_Low,Very_Low,Decrease,Decrease,Decrease,Decrease,No
Affeced,Other,Open,Very_Low,Very_Low,Remain_the_Same,Increase,Remain_the_Same,Decrease,No
Affeced,Other,Open,Very_Low,Very_Low,Decrease,Decrease,Decrease,Decrease,No
Affeced,Other,Open,Very_Low,Very_Low,Decrease,Decrease,Decrease,Decrease,No
Affeced,Other,Open,High,Very_Low,Decrease,Decrease,Decrease,Decrease,No
Affeced,Manufacturing,Open,Very_Low,Very_Low,Remain_the_Same,Decrease,Increase,Decrease,No
Affeced,Other,Open,Very_Low,Very_Low,Remain_the_Same,Decrease,Decrease,Decrease,No
Affeced,Retail,Open,Very_Low,Very_Low,Remain_the_Same,Remain_the_Same,Increase,Decrease,Yes
Affeced,Other,Open,Very_Low,Very_Low,Remain_the_Same,Remain_the_Same,Decrease,Decrease,No
Affeced,Other,Open,Very_Low,Very_Low,Decrease,Remain_the_Same,Remain_the_Same,Decrease,No
Affeced,Other,Temporarily_Closed,Very_Low,Very_Low,Decrease,Decrease,Decrease,Remain_the_Same,No
Affeced,Other,Temporarily_Closed,Very_Low,Very_Low,Decrease,Decrease,Decrease,Decrease,Yes
Not_Affected,Other,Open,Very_Low,Very_Low,Remain_the_Same,Remain_the_Same,Decrease,Decrease,No
Not_Affected,Retail,Open,Very_Low,Very_Low,Decrease,Increase,Decrease,Decrease,Yes
Not_Affected,Retail,Open,Very_Low,Very_Low,Remain_the_Same,Increase,Increase,Increase,No
Not_Affected,Manufacturing,Open,Very_Low,Very_Low,Remain_the_Same,Remain_the_Same,Increase,Increase,No
Not_Affected,Manufacturing,Open,High,Very_Low,Decrease,Decrease,Remain_the_Same,Decrease,No
Affeced,Other,Open,Very_Low,Very_Low,Remain_the_Same,Decrease,Decrease,Remain_the_Same,No
Not_Affected,Other,Open,Very_Low,Very_Low,Increase,Increase,Increase,Increase,No
Affeced,Other,Open,Very_Low,Very_Low,Remain_the_Same,Remain_the_Same,Remain_the_Same,Decrease,No
Affeced,Manufacturing,Open,High,Very_Low,Remain_the_Same,Remain_the_Same,Remain_the_Same,Remain_the_Same,No
Not_Affected,Other,Open,Very_Low,Very_Low,Decrease,Remain_the_Same,Remain_the_Same,Remain_the_Same,No
Affeced,Retail,Open,Very_Low,Very_Low,Decrease,Decrease,Decrease,Increase,No
Affeced,Retail,Temporarily_Closed,Very_Low,Very_Low,Decrease,Decrease,Decrease,Decrease,No
Affeced,Other,Open,Very_Low,Very_Low,Remain_the_Same,Decrease,Decrease,Decrease,Yes
Affeced,Manufacturing,Open,High,Very_Low,Remain_the_Same,Decrease,Decrease,Remain_the_Same,No
Affeced,Other,Open,Very_Low,Very_Low,Decrease,Decrease,Decrease,Decrease,No
Not_Affected,Manufacturing,Open,Very_Low,Very_Low,Decrease,Decrease,Decrease,Decrease,No
Affeced,Other,Open,Very_Low,Very_Low,Remain_the_Same,Remain_the_Same,Remain_the_Same,Decrease,No
Affeced,Retail,Open,Very_Low,Very_Low,Decrease,Decrease,Decrease,Decrease,No
Not_Affected,Other,Open,High,Very_Low,Remain_the_Same,Remain_the_Same,Remain_the_Same,Remain_the_Same,No
Affeced,Manufacturing,Open,High,Very_Low,Decrease,Decrease,Decrease,Decrease,No
Affeced,Manufacturing,Open,Very_Low,Very_Low,Remain_the_Same,Decrease,Decrease,Decrease,No
Affeced,Manufacturing,Open,High,Very_Low,Decrease,Decrease,Decrease,Decrease,No
Affeced,Manufacturing,Temporarily_Closed,High,Very_Low,Decrease,Decrease,Decrease,Decrease,No
Affeced,Other,Open,Very_Low,Very_Low,Decrease,Decrease,Decrease,Decrease,No
Not_Affected,Other,Open,High,Very_Low,Remain_the_Same,Increase,Increase,Increase,No
Affeced,Manufacturing,Open,High,Very_Low,Decrease,Remain_the_Same,Remain_the_Same,Decrease,No
Affeced,Manufacturing,Open,High,Very_Low,Remain_the_Same,Increase,Increase,Increase,No
Affeced,Other,Open,Very_Low,Very_Low,Decrease,Decrease,Decrease,Remain_the_Same,No
Affeced,Manufacturing,Open,Very_Low,High,Decrease,Decrease,Increase,Increase,No
Not_Affected,Retail,Open,Very_Low,Very_Low,Remain_the_Same,Remain_the_Same,Remain_the_Same,Remain_the_Same,Yes
Affeced,Other,Open,Very_Low,Very_Low,Decrease,Decrease,Remain_the_Same,Decrease,No
Affeced,Manufacturing,Open,Very_Low,Very_Low,Decrease,Decrease,Decrease,Remain_the_Same,No
Affeced,Other,Temporarily_Closed,Very_Low,Very_Low,Decrease,Decrease,Decrease,Remain_the_Same,No
Not_Affected,Other,Open,Very_Low,Very_Low,Decrease,Increase,Decrease,Increase,No
Affeced,Retail,Open,Very_Low,Very_Low,Remain_the_Same,Remain_the_Same,Remain_the_Same,Increase,No
Affeced,Other,Open,Very_Low,Very_Low,Remain_the_Same,Decrease,Decrease,Increase,No
Affeced,Manufacturing,Open,Medium,Medium,Decrease,Decrease,Remain_the_Same,Decrease,No
Not_Affected,Other,Open,Very_Low,High,Remain_the_Same,Remain_the_Same,Remain_the_Same,Remain_the_Same,Yes
Affeced,Retail,Temporarily_Closed,Very_Low,Very_Low,Decrease,Decrease,Decrease,Decrease,Yes
Not_Affected,Other,Open,Very_Low,Very_Low,Increase,Increase,Increase,Increase,No
Affeced,Other,Open,Very_Low,Very_Low,Remain_the_Same,Remain_the_Same,Remain_the_Same,Decrease,No
Not_Affected,Other,Open,Very_Low,Very_Low,Remain_the_Same,Remain_the_Same,Remain_the_Same,Remain_the_Same,No
Affeced,Other,Open,Very_Low,Very_Low,Decrease,Decrease,Decrease,Decrease,No
Not_Affected,Manufacturing,Open,Very_Low,Very_Low,Remain_the_Same,Remain_the_Same,Remain_the_Same,Remain_the_Same,No
Affeced,Other,Open,Very_Low,Very_Low,Decrease,Decrease,Decrease,Increase,No
Affeced,Manufacturing,Open,Very_Low,Very_Low,Decrease,Decrease,Decrease,Decrease,No
Not_Affected,Retail,Open,Very_Low,Very_Low,Increase,Increase,Increase,Increase,No
Affeced,Other,Open,Very_Low,Very_Low,Decrease,Decrease,Decrease,Decrease,No
Affeced,Manufacturing,Open,High,Very_Low,Remain_the_Same,Increase,Remain_the_Same,Decrease,No
Not_Affected,Other,Open,Very_Low,Very_Low,Remain_the_Same,Remain_the_Same,Remain_the_Same,Decrease,Yes
Affeced,Retail,Open,Very_Low,Very_Low,Decrease,Decrease,Decrease,Decrease,No
Affeced,Other,Open,Very_Low,Very_Low,Decrease,Decrease,Decrease,Decrease,No
Affeced,Manufacturing,Open,Medium,Very_Low,Remain_the_Same,Remain_the_Same,Remain_the_Same,Decrease,No
Affeced,Manufacturing,Temporarily_Closed,Very_Low,Very_Low,Decrease,Decrease,Decrease,Decrease,No
Affeced,Other,Open,Very_Low,Very_Low,Remain_the_Same,Decrease,Decrease,Remain_the_Same,No
Affeced,Manufacturing,Open,High,Very_Low,Remain_the_Same,Decrease,Decrease,Decrease,No
Affeced,Other,Open,Medium,Very_Low,Decrease,Decrease,Decrease,Decrease,No
Affeced,Other,Open,Very_Low,Very_Low,Decrease,Decrease,Decrease,Decrease,No
Affeced,Other,Open,Very_Low,Very_Low,Remain_the_Same,Decrease,Remain_the_Same,Decrease,No
Not_Affected,Other,Open,Very_Low,Very_Low,Decrease,Remain_the_Same,Remain_the_Same,Remain_the_Same,Yes
Affeced,Other,Open,Very_Low,Very_Low,Decrease,Decrease,Decrease,Decrease,No
Affeced,Other,Temporarily_Closed,Very_Low,Very_Low,Decrease,Decrease,Decrease,Decrease,No
Affeced,Other,Temporarily_Closed,Very_Low,Very_Low,Decrease,Decrease,Decrease,Decrease,No
Not_Affected,Retail,Open,Very_Low,Very_Low,Remain_the_Same,Remain_the_Same,Remain_the_Same,Remain_the_Same,No
Affeced,Other,Open,Very_Low,Very_Low,Decrease,Decrease,Decrease,Decrease,Yes
Affeced,Manufacturing,Open,High,Very_Low,Decrease,Decrease,Decrease,Increase,Yes
Affeced,Retail,Open,Very_Low,Very_Low,Decrease,Decrease,Decrease,Decrease,No
Not_Affected,Retail,Open,Very_Low,Very_Low,Increase,Increase,Increase,Increase,No
Affeced,Other,Open,Very_Low,Very_Low,Remain_the_Same,Decrease,Decrease,Decrease,No
Affeced,Manufacturing,Open,Very_Low,Very_Low,Remain_the_Same,Decrease,Decrease,Remain_the_Same,No
Not_Affected,Manufacturing,Open,High,Very_Low,Remain_the_Same,Remain_the_Same,Remain_the_Same,Remain_the_Same,No
Affeced,Manufacturing,Open,Very_Low,Very_Low,Remain_the_Same,Remain_the_Same,Remain_the_Same,Increase,No
Not_Affected,Manufacturing,Open,Very_Low,Very_Low,Increase,Increase,Increase,Increase,No
Not_Affected,Manufacturing,Open,High,Very_Low,Decrease,Decrease,Remain_the_Same,Decrease,No
Affeced,Other,Open,Very_Low,Very_Low,Decrease,Decrease,Decrease,Decrease,Yes
Not_Affected,Retail,Open,Very_Low,Very_Low,Increase,Increase,Increase,Decrease,No
Not_Affected,Retail,Open,Very_Low,Very_Low,Decrease,Decrease,Remain_the_Same,Remain_the_Same,No
Affeced,Manufacturing,Open,High,Very_Low,Decrease,Decrease,Decrease,Decrease,No
Affeced,Other,Open,Very_Low,Very_Low,Remain_the_Same,Remain_the_Same,Remain_the_Same,Decrease,No
Affeced,Retail,Open,Very_Low,Low,Remain_the_Same,Remain_the_Same,Remain_the_Same,Decrease,No
Affeced,Other,Open,Very_Low,Very_Low,Decrease,Decrease,Decrease,Decrease,No
Affeced,Manufacturing,Open,High,Very_Low,Decrease,Decrease,Decrease,Decrease,No
Affeced,Other,Open,Very_Low,Very_Low,Decrease,Decrease,Decrease,Decrease,Yes
Affeced,Manufacturing,Open,High,Very_Low,Decrease,Decrease,Decrease,Decrease,No
Affeced,Manufacturing,Temporarily_Closed,High,Very_Low,Decrease,Decrease,Decrease,Decrease,No
Affeced,Manufacturing,Open,Very_Low,Very_Low,Decrease,Decrease,Decrease,Decrease,No
Not_Affected,Manufacturing,Temporarily_Closed,High,Very_Low,Increase,Increase,Increase,Remain_the_Same,No
Affeced,Other,Open,Medium,Very_Low,Decrease,Decrease,Decrease,Decrease,No
Affeced,Retail,Open,Very_Low,Very_Low,Remain_the_Same,Decrease,Decrease,Decrease,No
Affeced,Manufacturing,Open,High,Very_Low,Decrease,Decrease,Decrease,Decrease,No
Affeced,Other,Open,Very_Low,Very_Low,Decrease,Decrease,Decrease,Decrease,No
Affeced,Retail,Open,Very_Low,Very_Low,Decrease,Decrease,Decrease,Remain_the_Same,No
Not_Affected,Retail,Open,Very_Low,Very_Low,Decrease,Increase,Increase,Decrease,No
Affeced,Manufacturing,Open,Very_Low,Very_Low,Remain_the_Same,Remain_the_Same,Remain_the_Same,Decrease,No
Affeced,Manufacturing,Open,Very_Low,Very_Low,Remain_the_Same,Decrease,Decrease,Remain_the_Same,No
Affeced,Retail,Open,Very_Low,Very_Low,Remain_the_Same,Decrease,Remain_the_Same,Decrease,No
Affeced,Other,Open,Very_Low,Very_Low,Remain_the_Same,Decrease,Decrease,Increase,Yes
Affeced,Manufacturing,Open,Medium,Very_Low,Decrease,Decrease,Decrease,Remain_the_Same,No
Affeced,Manufacturing,Open,Very_Low,Very_Low,Decrease,Decrease,Decrease,Decrease,No
Affeced,Retail,Temporarily_Closed,Very_Low,Very_Low,Decrease,Decrease,Decrease,Decrease,No
Affeced,Manufacturing,Open,Very_Low,Very_Low,Remain_the_Same,Decrease,Decrease,Decrease,No
Affeced,Manufacturing,Open,High,Very_Low,Decrease,Decrease,Decrease,Decrease,No
Affeced,Manufacturing,Open,Very_Low,Very_Low,Decrease,Decrease,Remain_the_Same,Increase,Yes
Affeced,Other,Open,Very_Low,Very_Low,Remain_the_Same,Decrease,Decrease,Remain_the_Same,Yes
Affeced,Manufacturing,Open,Very_Low,High,Remain_the_Same,Remain_the_Same,Remain_the_Same,Decrease,No
Affeced,Other,Open,Very_Low,Very_Low,Decrease,Decrease,Decrease,Decrease,No
Affeced,Other,Open,Very_Low,Very_Low,Decrease,Decrease,Decrease,Decrease,No
Affeced,Other,Open,Very_Low,Very_Low,Remain_the_Same,Remain_the_Same,Increase,Decrease,No
Affeced,Other,Open,Very_Low,Very_Low,Remain_the_Same,Increase,Remain_the_Same,Decrease,No
Affeced,Manufacturing,Open,Very_Low,Very_Low,Decrease,Decrease,Decrease,Decrease,No
Affeced,Other,Open,Very_Low,Very_Low,Remain_the_Same,Decrease,Decrease,Decrease,No
Affeced,Manufacturing,Open,High,Very_Low,Decrease,Decrease,Decrease,Decrease,No
Affeced,Manufacturing,Open,High,Very_Low,Decrease,Decrease,Decrease,Decrease,No
Affeced,Manufacturing,Open,High,Very_Low,Decrease,Remain_the_Same,Decrease,Decrease,No
Affeced,Retail,Open,Very_Low,Very_Low,Decrease,Decrease,Decrease,Decrease,No
Affeced,Other,Open,Very_Low,Very_Low,Decrease,Decrease,Decrease,Remain_the_Same,Yes
Affeced,Other,Temporarily_Closed,Very_Low,Very_Low,Decrease,Decrease,Remain_the_Same,Decrease,Yes
Affeced,Manufacturing,Open,High,Very_Low,Decrease,Decrease,Decrease,Decrease,No
Affeced,Retail,Open,Very_Low,Very_Low,Decrease,Decrease,Decrease,Decrease,No
Affeced,Manufacturing,Temporarily_Closed,High,Very_Low,Decrease,Decrease,Decrease,Decrease,No
Affeced,Other,Temporarily_Closed,High,Very_Low,Decrease,Decrease,Decrease,Decrease,No
Affeced,Manufacturing,Open,Low,Very_Low,Remain_the_Same,Remain_the_Same,Decrease,Decrease,No
Affeced,Manufacturing,Temporarily_Closed,Very_Low,Very_Low,Decrease,Decrease,Decrease,Decrease,No
Not_Affected,Other,Open,Very_Low,Very_Low,Remain_the_Same,Remain_the_Same,Remain_the_Same,Increase,No
Affeced,Other,Open,Very_Low,Very_Low,Decrease,Decrease,Decrease,Decrease,No
Affeced,Manufacturing,Open,High,Very_Low,Decrease,Decrease,Decrease,Decrease,No
Affeced,Retail,Temporarily_Closed,Very_Low,Very_Low,Decrease,Decrease,Decrease,Decrease,No
Affeced,Manufacturing,Open,High,Very_Low,Decrease,Decrease,Decrease,Decrease,No
Affeced,Other,Open,Very_Low,Very_Low,Remain_the_Same,Decrease,Increase,Decrease,No
Affeced,Retail,Open,Very_Low,Very_Low,Decrease,Decrease,Decrease,Decrease,No
Affeced,Manufacturing,Open,Medium,Very_Low,Remain_the_Same,Increase,Increase,Decrease,No
Affeced,Manufacturing,Open,High,Very_Low,Decrease,Decrease,Decrease,Decrease,Yes
Affeced,Manufacturing,Open,Very_Low,Very_Low,Decrease,Decrease,Remain_the_Same,Decrease,No
Affeced,Manufacturing,Open,High,Very_Low,Decrease,Decrease,Decrease,Decrease,Yes
Affeced,Manufacturing,Open,Very_Low,Very_Low,Remain_the_Same,Remain_the_Same,Increase,Decrease,No
Affeced,Manufacturing,Open,Medium,Very_Low,Remain_the_Same,Decrease,Decrease,Decrease,No
Not_Affected,Manufacturing,Temporarily_Closed,High,Very_Low,Remain_the_Same,Remain_the_Same,Remain_the_Same,Remain_the_Same,No
Affeced,Manufacturing,Open,High,Very_Low,Remain_the_Same,Decrease,Remain_the_Same,Decrease,No
Affeced,Manufacturing,Temporarily_Closed,High,Very_Low,Decrease,Decrease,Decrease,Decrease,No
Affeced,Other,Temporarily_Closed,Very_Low,Very_Low,Decrease,Decrease,Decrease,Decrease,No
Affeced,Retail,Open,Very_Low,Very_Low,Decrease,Decrease,Decrease,Decrease,No
Affeced,Other,Temporarily_Closed,High,Very_Low,Decrease,Decrease,Decrease,Decrease,No
Affeced,Other,Open,Very_Low,Very_Low,Decrease,Decrease,Decrease,Increase,No
Not_Affected,Other,Open,Very_Low,Very_Low,Remain_the_Same,Decrease,Decrease,Decrease,No
Affeced,Other,Open,Very_Low,Very_Low,Remain_the_Same,Decrease,Decrease,Remain_the_Same,No
Affeced,Other,Open,Very_Low,Very_Low,Remain_the_Same,Decrease,Decrease,Decrease,No
Affeced,Manufacturing,Open,Very_Low,Very_Low,Decrease,Decrease,Decrease,Decrease,No
Affeced,Other,Open,Medium,Very_Low,Decrease,Decrease,Decrease,Decrease,No
Affeced,Retail,Open,Very_Low,Very_Low,Remain_the_Same,Decrease,Decrease,Decrease,No
Affeced,Manufacturing,Open,Very_Low,Very_Low,Decrease,Decrease,Decrease,Decrease,No
Affeced,Other,Open,Very_Low,Very_Low,Remain_the_Same,Decrease,Decrease,Decrease,No
Affeced,Other,Open,Very_Low,Very_Low,Remain_the_Same,Decrease,Decrease,Decrease,No
Not_Affected,Manufacturing,Open,Very_Low,Very_Low,Remain_the_Same,Remain_the_Same,Decrease,Decrease,No
Not_Affected,Other,Open,Very_Low,Very_Low,Remain_the_Same,Remain_the_Same,Remain_the_Same,Remain_the_Same,No
Affeced,Manufacturing,Open,Very_Low,Very_Low,Decrease,Decrease,Remain_the_Same,Decrease,No
Affeced,Manufacturing,Open,Very_Low,Very_Low,Decrease,Decrease,Remain_the_Same,Decrease,No
Affeced,Manufacturing,Open,Very_Low,Very_Low,Decrease,Decrease,Decrease,Decrease,No
Affeced,Other,Temporarily_Closed,Very_Low,Very_Low,Decrease,Decrease,Decrease,Decrease,No
Affeced,Other,Open,Very_Low,Very_Low,Decrease,Decrease,Decrease,Decrease,No
Affeced,Retail,Open,Very_Low,Very_Low,Decrease,Decrease,Remain_the_Same,Decrease,No
Affeced,Manufacturing,Temporarily_Closed,High,Very_Low,Decrease,Decrease,Decrease,Decrease,No
Affeced,Other,Open,Very_Low,Very_Low,Decrease,Decrease,Decrease,Decrease,No
Not_Affected,Manufacturing,Open,Very_Low,Very_Low,Remain_the_Same,Increase,Increase,Increase,No
Affeced,Other,Open,Very_Low,Very_Low,Remain_the_Same,Remain_the_Same,Remain_the_Same,Decrease,No
Affeced,Manufacturing,Open,High,Very_Low,Decrease,Decrease,Decrease,Decrease,No
Affeced,Manufacturing,Open,Very_Low,Very_Low,Remain_the_Same,Decrease,Decrease,Decrease,No
Affeced,Manufacturing,Open,Very_Low,Very_Low,Decrease,Decrease,Decrease,Decrease,No
Affeced,Manufacturing,Temporarily_Closed,Very_Low,Very_Low,Decrease,Decrease,Decrease,Decrease,No
Affeced,Manufacturing,Open,Medium,Very_Low,Decrease,Remain_the_Same,Remain_the_Same,Decrease,Yes
Affeced,Manufacturing,Open,High,Very_Low,Decrease,Decrease,Decrease,Decrease,No
Affeced,Retail,Open,High,Very_Low,Decrease,Increase,Decrease,Increase,No
Affeced,Manufacturing,Temporarily_Closed,Low,Very_Low,Decrease,Decrease,Decrease,Decrease,No
Affeced,Manufacturing,Open,Very_Low,Very_Low,Remain_the_Same,Decrease,Decrease,Decrease,No
Affeced,Other,Open,Very_Low,Very_Low,Remain_the_Same,Decrease,Decrease,Increase,Yes
Affeced,Manufacturing,Temporarily_Closed,High,Very_Low,Decrease,Decrease,Decrease,Decrease,No
Affeced,Other,Temporarily_Closed,High,Very_Low,Decrease,Decrease,Decrease,Decrease,No
Affeced,Other,Open,Very_Low,Very_Low,Remain_the_Same,Decrease,Decrease,Decrease,No
Affeced,Manufacturing,Open,High,Very_Low,Remain_the_Same,Decrease,Decrease,Decrease,No
Affeced,Other,Temporarily_Closed,Very_Low,Very_Low,Decrease,Decrease,Decrease,Decrease,No
Affeced,Retail,Open,Very_Low,Very_Low,Remain_the_Same,Decrease,Decrease,Increase,Yes
Affeced,Retail,Open,High,Very_Low,Decrease,Remain_the_Same,Decrease,Decrease,No
Not_Affected,Retail,Open,Very_Low,Very_Low,Remain_the_Same,Increase,Increase,Increase,No
Affeced,Manufacturing,Open,Very_Low,Very_Low,Decrease,Decrease,Decrease,Decrease,Yes
